{
  "Name": "EightTimesEight",
  "CreationDate": "2024-6-10",
  "Commands": [
    {
      "Command": "XClick",
      "Target": "calculator_dpi_120.png",
      "Value": "#doubleclick",
      "Description": ""
    },
    {
      "Command": "XClick",
      "Target": "eight_dpi_120.png",
      "Value": "",
      "Description": ""
    },
    {
      "Command": "XClick",
      "Target": "multiply_dpi_120.png",
      "Value": "",
      "Description": ""
    },
    {
      "Command": "XClick",
      "Target": "eight_dpi_120.png",
      "Value": "",
      "Description": ""
    },
    {
      "Command": "XClick",
      "Target": "equals_dpi_120.png",
      "Value": "",
      "Description": ""
    },
    {
      "Command": "OCRExtractRelative",
      "Target": "getAns_dpi_120.png",
      "Value": "result",
      "Description": ""
    },
    {
      "Command": "echo",
      "Target": "Result: ${result}",
      "Value": "green",
      "Description": ""
    }
  ]
}