{
  "Name": "MeasureDistance",
  "CreationDate": "2024-6-10",
  "Commands": [
    {
      "Command": "open",
      "Target": "https://www.google.com/maps/@28.59008,77.3750784,12z?entry=ttu",
      "Value": "",
      "Description": ""
    },
    {
      "Command": "click",
      "Target": "id=searchboxinput",
      "Value": "",
      "Targets": [
        "id=searchboxinput",
        "name=q",
        "xpath=//*[@id=\"searchboxinput\"]",
        "xpath=//input[@id='searchboxinput']",
        "xpath=//input",
        "css=#searchboxinput"
      ],
      "Description": ""
    },
    {
      "Command": "type",
      "Target": "id=searchboxinput",
      "Value": "Lotus Temple",
      "Targets": [
        "id=searchboxinput",
        "name=q",
        "xpath=//*[@id=\"searchboxinput\"]",
        "xpath=//input[@id='searchboxinput']",
        "xpath=//input",
        "css=#searchboxinput"
      ],
      "Description": ""
    },
    {
      "Command": "click",
      "Target": "xpath=//*[@id=\"searchbox-searchbutton\"]/span",
      "Value": "",
      "Targets": [
        "xpath=//*[@id=\"searchbox-searchbutton\"]/span",
        "xpath=//div[2]/div/button/span",
        "css=#searchbox-searchbutton > span"
      ],
      "Description": ""
    },
    {
      "Command": "click",
      "Target": "xpath=//*[@id=\"QA0Szd\"]/div/div/div/div[2]/div/div/div/div/div/div/div/div/a",
      "Value": "",
      "Targets": [
        "xpath=//*[@id=\"QA0Szd\"]/div/div/div/div[2]/div/div/div/div/div/div/div/div/a",
        "xpath=//a",
        "css=#QA0Szd > div > div > div.w6VYqd > div.bJzME.tTVLSc > div > div.e07Vkf.kA9KIf > div > div > div.m6QErb.DxyBCb.kA9KIf.dS8AEf.XiKgde.ecceSd > div.m6QErb.DxyBCb.kA9KIf.dS8AEf.XiKgde.ecceSd > div:nth-child(1) > div > a"
      ],
      "Description": ""
    },
    {
      "Command": "click",
      "Target": "xpath=//*[@id=\"QA0Szd\"]/div/div/div[2]/button/img",
      "Value": "",
      "Targets": [
        "xpath=//*[@id=\"QA0Szd\"]/div/div/div[2]/button/img",
        "xpath=//div[9]/div/div/div[2]/button/img",
        "css=#QA0Szd > div > div > div.gYkzb > button > img"
      ],
      "Description": ""
    },
    {
      "Command": "visualAssert",
      "Target": "Loc_dpi_120.png",
      "Value": "",
      "Description": ""
    },
    {
      "Command": "XMove",
      "Target": "Loc_dpi_120.png",
      "Value": "",
      "Description": ""
    },
    {
      "Command": "XClick",
      "Target": "Temple_dpi_120.png",
      "Value": "#right",
      "Description": ""
    },
    {
      "Command": "times",
      "Target": "9",
      "Value": "",
      "Description": ""
    },
    {
      "Command": "XType",
      "Target": "${KEY_DOWN}",
      "Value": "",
      "Description": ""
    },
    {
      "Command": "end",
      "Target": "",
      "Value": "",
      "Description": ""
    },
    {
      "Command": "XType",
      "Target": "${KEY_ENTER}",
      "Value": "",
      "Description": ""
    },
    {
      "Command": "XClick",
      "Target": "Tomb_dpi_120.png",
      "Value": "",
      "Description": ""
    },
    {
      "Command": "XClick",
      "Target": "text_dpi_120.png",
      "Value": "#tripleclick",
      "Description": ""
    },
    {
      "Command": "XType",
      "Target": "${KEY_CTRL+KEY_C}",
      "Value": "",
      "Description": ""
    },
    {
      "Command": "echo",
      "Target": "Result: ${!clipboard}",
      "Value": "green",
      "Description": ""
    }
  ]
}